"ID","ssugenus","OTU_Richness_Sample","Read_Abundance_Sample","#SampleID","BarcodeSequence","LinkerPrimerSequence","Location","Project","Year","Site","Treat","Rep","TSDel","Description"
"MM933M","Acaulospora",2,6.6618,5,"ATCCCGTATCGATTGG",NA,"E1","MM-Salvage","2015","WL","O","5",NA,"RecipientPre"
"MM933M","Ambispora",5,23.9417,5,"ATCCCGTATCGATTGG",NA,"E1","MM-Salvage","2015","WL","O","5",NA,"RecipientPre"
"MM933M","Archaeospora",17,157.589,5,"ATCCCGTATCGATTGG",NA,"E1","MM-Salvage","2015","WL","O","5",NA,"RecipientPre"
"MM933M","Claroideoglomus",15,99.6242,5,"ATCCCGTATCGATTGG",NA,"E1","MM-Salvage","2015","WL","O","5",NA,"RecipientPre"
"MM933M","Diversispora",2,23.198,5,"ATCCCGTATCGATTGG",NA,"E1","MM-Salvage","2015","WL","O","5",NA,"RecipientPre"
"MM933M","Glomus",65,387.3753,5,"ATCCCGTATCGATTGG",NA,"E1","MM-Salvage","2015","WL","O","5",NA,"RecipientPre"
"MM933M","Kuklospora",2,5.7632,5,"ATCCCGTATCGATTGG",NA,"E1","MM-Salvage","2015","WL","O","5",NA,"RecipientPre"
"MM933M","Paraglomus",22,129.6337,5,"ATCCCGTATCGATTGG",NA,"E1","MM-Salvage","2015","WL","O","5",NA,"RecipientPre"
"MM936M","Acaulospora",1,3.3956,3,"GCAACCTTAGAGTGTG",NA,"C1","MM-Salvage","2015","WL","O","3",NA,"RecipientPre"
"MM936M","Ambispora",5,25.9602,3,"GCAACCTTAGAGTGTG",NA,"C1","MM-Salvage","2015","WL","O","3",NA,"RecipientPre"
"MM936M","Archaeospora",12,67.7783,3,"GCAACCTTAGAGTGTG",NA,"C1","MM-Salvage","2015","WL","O","3",NA,"RecipientPre"
"MM936M","Claroideoglomus",13,91.5404,3,"GCAACCTTAGAGTGTG",NA,"C1","MM-Salvage","2015","WL","O","3",NA,"RecipientPre"
"MM936M","Diversispora",1,12.238,3,"GCAACCTTAGAGTGTG",NA,"C1","MM-Salvage","2015","WL","O","3",NA,"RecipientPre"
"MM936M","Glomus",59,406.1616,3,"GCAACCTTAGAGTGTG",NA,"C1","MM-Salvage","2015","WL","O","3",NA,"RecipientPre"
"MM936M","Kuklospora",2,6.7912,3,"GCAACCTTAGAGTGTG",NA,"C1","MM-Salvage","2015","WL","O","3",NA,"RecipientPre"
"MM936M","Paraglomus",12,81.1362,3,"GCAACCTTAGAGTGTG",NA,"C1","MM-Salvage","2015","WL","O","3",NA,"RecipientPre"
"MM941M","Acaulospora",4,21.9872,1,"GCAACCTTTGGGTGAT",NA,"A1","MM-Salvage","2015","WL","O","1",NA,"RecipientPre"
"MM941M","Ambispora",3,14.628,1,"GCAACCTTTGGGTGAT",NA,"A1","MM-Salvage","2015","WL","O","1",NA,"RecipientPre"
"MM941M","Archaeospora",10,47.8637,1,"GCAACCTTTGGGTGAT",NA,"A1","MM-Salvage","2015","WL","O","1",NA,"RecipientPre"
"MM941M","Claroideoglomus",14,93.6373,1,"GCAACCTTTGGGTGAT",NA,"A1","MM-Salvage","2015","WL","O","1",NA,"RecipientPre"
"MM941M","Diversispora",1,13.945,1,"GCAACCTTTGGGTGAT",NA,"A1","MM-Salvage","2015","WL","O","1",NA,"RecipientPre"
"MM941M","Glomus",74,503.8588,1,"GCAACCTTTGGGTGAT",NA,"A1","MM-Salvage","2015","WL","O","1",NA,"RecipientPre"
"MM941M","Kuklospora",2,11.091,1,"GCAACCTTTGGGTGAT",NA,"A1","MM-Salvage","2015","WL","O","1",NA,"RecipientPre"
"MM941M","Paraglomus",13,81.3654,1,"GCAACCTTTGGGTGAT",NA,"A1","MM-Salvage","2015","WL","O","1",NA,"RecipientPre"
"MM943M","Acaulospora",3,14.2272,2,"GCAACCTTTACTGTGC",NA,"B1","MM-Salvage","2015","WL","O","2",NA,"RecipientPre"
"MM943M","Ambispora",3,23.4654,2,"GCAACCTTTACTGTGC",NA,"B1","MM-Salvage","2015","WL","O","2",NA,"RecipientPre"
"MM943M","Archaeospora",11,92.1497,2,"GCAACCTTTACTGTGC",NA,"B1","MM-Salvage","2015","WL","O","2",NA,"RecipientPre"
"MM943M","Claroideoglomus",11,74.7298,2,"GCAACCTTTACTGTGC",NA,"B1","MM-Salvage","2015","WL","O","2",NA,"RecipientPre"
"MM943M","Diversispora",3,22.9824,2,"GCAACCTTTACTGTGC",NA,"B1","MM-Salvage","2015","WL","O","2",NA,"RecipientPre"
"MM943M","Glomus",51,317.0982,2,"GCAACCTTTACTGTGC",NA,"B1","MM-Salvage","2015","WL","O","2",NA,"RecipientPre"
"MM943M","Kuklospora",3,30.6556,2,"GCAACCTTTACTGTGC",NA,"B1","MM-Salvage","2015","WL","O","2",NA,"RecipientPre"
"MM943M","Paraglomus",14,103.0184,2,"GCAACCTTTACTGTGC",NA,"B1","MM-Salvage","2015","WL","O","2",NA,"RecipientPre"
"MM9362CU","Acaulospora",3,12.2907,4,"GCAACCTTTCGATTGG",NA,"D1","MM-Salvage","2015","WL","O","4",NA,"RecipientPre"
"MM9362CU","Ambispora",7,33.2473,4,"GCAACCTTTCGATTGG",NA,"D1","MM-Salvage","2015","WL","O","4",NA,"RecipientPre"
"MM9362CU","Archaeospora",16,63.2683,4,"GCAACCTTTCGATTGG",NA,"D1","MM-Salvage","2015","WL","O","4",NA,"RecipientPre"
"MM9362CU","Claroideoglomus",20,118.7108,4,"GCAACCTTTCGATTGG",NA,"D1","MM-Salvage","2015","WL","O","4",NA,"RecipientPre"
"MM9362CU","Diversispora",3,18.3924,4,"GCAACCTTTCGATTGG",NA,"D1","MM-Salvage","2015","WL","O","4",NA,"RecipientPre"
"MM9362CU","Glomus",85,464.2526,4,"GCAACCTTTCGATTGG",NA,"D1","MM-Salvage","2015","WL","O","4",NA,"RecipientPre"
"MM9362CU","Kuklospora",2,3.1134,4,"GCAACCTTTCGATTGG",NA,"D1","MM-Salvage","2015","WL","O","4",NA,"RecipientPre"
"MM9362CU","Paraglomus",31,172.7572,4,"GCAACCTTTCGATTGG",NA,"D1","MM-Salvage","2015","WL","O","4",NA,"RecipientPre"
"MMS700","Acaulospora",2,11.94,47,"GAAGATCCCTCTCAAG",NA,"G6","MM-Salvage","2017","WL","D","1","B1A2C","RecipientPost"
"MMS700","Ambispora",5,20.1172,47,"GAAGATCCCTCTCAAG",NA,"G6","MM-Salvage","2017","WL","D","1","B1A2C","RecipientPost"
"MMS700","Archaeospora",15,90.3423,47,"GAAGATCCCTCTCAAG",NA,"G6","MM-Salvage","2017","WL","D","1","B1A2C","RecipientPost"
"MMS700","Claroideoglomus",19,106.1814,47,"GAAGATCCCTCTCAAG",NA,"G6","MM-Salvage","2017","WL","D","1","B1A2C","RecipientPost"
"MMS700","Diversispora",3,18.6176,47,"GAAGATCCCTCTCAAG",NA,"G6","MM-Salvage","2017","WL","D","1","B1A2C","RecipientPost"
"MMS700","Glomus",83,429.0388,47,"GAAGATCCCTCTCAAG",NA,"G6","MM-Salvage","2017","WL","D","1","B1A2C","RecipientPost"
"MMS700","Kuklospora",1,10.865,47,"GAAGATCCCTCTCAAG",NA,"G6","MM-Salvage","2017","WL","D","1","B1A2C","RecipientPost"
"MMS700","Paraglomus",23,118.3515,47,"GAAGATCCCTCTCAAG",NA,"G6","MM-Salvage","2017","WL","D","1","B1A2C","RecipientPost"
"MMS701","Acaulospora",4,30.5117,48,"GAAGATCCAAGTCGGA",NA,"H6","MM-Salvage","2017","WL","D","2","B2A3C","RecipientPost"
"MMS701","Ambispora",5,18.9094,48,"GAAGATCCAAGTCGGA",NA,"H6","MM-Salvage","2017","WL","D","2","B2A3C","RecipientPost"
"MMS701","Archaeospora",13,70.4207,48,"GAAGATCCAAGTCGGA",NA,"H6","MM-Salvage","2017","WL","D","2","B2A3C","RecipientPost"
"MMS701","Claroideoglomus",18,100.2828,48,"GAAGATCCAAGTCGGA",NA,"H6","MM-Salvage","2017","WL","D","2","B2A3C","RecipientPost"
"MMS701","Diversispora",2,10.5632,48,"GAAGATCCAAGTCGGA",NA,"H6","MM-Salvage","2017","WL","D","2","B2A3C","RecipientPost"
"MMS701","Glomus",85,390.6305,48,"GAAGATCCAAGTCGGA",NA,"H6","MM-Salvage","2017","WL","D","2","B2A3C","RecipientPost"
"MMS701","Kuklospora",0,0,48,"GAAGATCCAAGTCGGA",NA,"H6","MM-Salvage","2017","WL","D","2","B2A3C","RecipientPost"
"MMS701","Paraglomus",31,192.6212,48,"GAAGATCCAAGTCGGA",NA,"H6","MM-Salvage","2017","WL","D","2","B2A3C","RecipientPost"
"MMS702","Acaulospora",2,15.3515,49,"GAAGATCCTGGTAACC",NA,"A7","MM-Salvage","2017","WL","D","3","B3A4C","RecipientPost"
"MMS702","Ambispora",7,30.2452,49,"GAAGATCCTGGTAACC",NA,"A7","MM-Salvage","2017","WL","D","3","B3A4C","RecipientPost"
"MMS702","Archaeospora",13,69.2545,49,"GAAGATCCTGGTAACC",NA,"A7","MM-Salvage","2017","WL","D","3","B3A4C","RecipientPost"
"MMS702","Claroideoglomus",21,112.603,49,"GAAGATCCTGGTAACC",NA,"A7","MM-Salvage","2017","WL","D","3","B3A4C","RecipientPost"
"MMS702","Diversispora",4,27.5908,49,"GAAGATCCTGGTAACC",NA,"A7","MM-Salvage","2017","WL","D","3","B3A4C","RecipientPost"
"MMS702","Glomus",80,386.4524,49,"GAAGATCCTGGTAACC",NA,"A7","MM-Salvage","2017","WL","D","3","B3A4C","RecipientPost"
"MMS702","Kuklospora",2,5.5804,49,"GAAGATCCTGGTAACC",NA,"A7","MM-Salvage","2017","WL","D","3","B3A4C","RecipientPost"
"MMS702","Paraglomus",32,189.8071,49,"GAAGATCCTGGTAACC",NA,"A7","MM-Salvage","2017","WL","D","3","B3A4C","RecipientPost"
"MMS703","Acaulospora",2,10.7567,50,"GAAGATCCTGGGTGAT",NA,"B7","MM-Salvage","2017","PS","D","1","ED","RecipientPost"
"MMS703","Ambispora",8,33.6296,50,"GAAGATCCTGGGTGAT",NA,"B7","MM-Salvage","2017","PS","D","1","ED","RecipientPost"
"MMS703","Archaeospora",8,34.7318,50,"GAAGATCCTGGGTGAT",NA,"B7","MM-Salvage","2017","PS","D","1","ED","RecipientPost"
"MMS703","Claroideoglomus",20,133.0701,50,"GAAGATCCTGGGTGAT",NA,"B7","MM-Salvage","2017","PS","D","1","ED","RecipientPost"
"MMS703","Diversispora",2,9.3438,50,"GAAGATCCTGGGTGAT",NA,"B7","MM-Salvage","2017","PS","D","1","ED","RecipientPost"
"MMS703","Glomus",79,434.137,50,"GAAGATCCTGGGTGAT",NA,"B7","MM-Salvage","2017","PS","D","1","ED","RecipientPost"
"MMS703","Kuklospora",1,2.579,50,"GAAGATCCTGGGTGAT",NA,"B7","MM-Salvage","2017","PS","D","1","ED","RecipientPost"
"MMS703","Paraglomus",18,75.7201,50,"GAAGATCCTGGGTGAT",NA,"B7","MM-Salvage","2017","PS","D","1","ED","RecipientPost"
"MMS704","Acaulospora",3,13.2684,51,"GAAGATCCTACTGTGC",NA,"C7","MM-Salvage","2017","PS","D","2","ED","RecipientPost"
"MMS704","Ambispora",6,25.1485,51,"GAAGATCCTACTGTGC",NA,"C7","MM-Salvage","2017","PS","D","2","ED","RecipientPost"
"MMS704","Archaeospora",13,68.0682,51,"GAAGATCCTACTGTGC",NA,"C7","MM-Salvage","2017","PS","D","2","ED","RecipientPost"
"MMS704","Claroideoglomus",19,112.8083,51,"GAAGATCCTACTGTGC",NA,"C7","MM-Salvage","2017","PS","D","2","ED","RecipientPost"
"MMS704","Diversispora",1,5.9968,51,"GAAGATCCTACTGTGC",NA,"C7","MM-Salvage","2017","PS","D","2","ED","RecipientPost"
"MMS704","Glomus",77,349.1302,51,"GAAGATCCTACTGTGC",NA,"C7","MM-Salvage","2017","PS","D","2","ED","RecipientPost"
"MMS704","Kuklospora",1,2.7472,51,"GAAGATCCTACTGTGC",NA,"C7","MM-Salvage","2017","PS","D","2","ED","RecipientPost"
"MMS704","Paraglomus",28,124.7809,51,"GAAGATCCTACTGTGC",NA,"C7","MM-Salvage","2017","PS","D","2","ED","RecipientPost"
"MMS705","Acaulospora",2,10.4065,52,"GAAGATCCAGAGTGTG",NA,"D7","MM-Salvage","2017","PS","D","3","ED","RecipientPost"
"MMS705","Ambispora",6,27.3552,52,"GAAGATCCAGAGTGTG",NA,"D7","MM-Salvage","2017","PS","D","3","ED","RecipientPost"
"MMS705","Archaeospora",11,51.8253,52,"GAAGATCCAGAGTGTG",NA,"D7","MM-Salvage","2017","PS","D","3","ED","RecipientPost"
"MMS705","Claroideoglomus",20,119.9947,52,"GAAGATCCAGAGTGTG",NA,"D7","MM-Salvage","2017","PS","D","3","ED","RecipientPost"
"MMS705","Diversispora",6,36.4184,52,"GAAGATCCAGAGTGTG",NA,"D7","MM-Salvage","2017","PS","D","3","ED","RecipientPost"
"MMS705","Glomus",85,389.2179,52,"GAAGATCCAGAGTGTG",NA,"D7","MM-Salvage","2017","PS","D","3","ED","RecipientPost"
"MMS705","Kuklospora",1,4.7595,52,"GAAGATCCAGAGTGTG",NA,"D7","MM-Salvage","2017","PS","D","3","ED","RecipientPost"
"MMS705","Paraglomus",20,93.2147,52,"GAAGATCCAGAGTGTG",NA,"D7","MM-Salvage","2017","PS","D","3","ED","RecipientPost"
"MMS706","Acaulospora",1,4.2405,53,"GAAGATCCTCGATTGG",NA,"E7","MM-Salvage","2017","HH","D","1","CB2","RecipientPost"
"MMS706","Ambispora",7,28.0946,53,"GAAGATCCTCGATTGG",NA,"E7","MM-Salvage","2017","HH","D","1","CB2","RecipientPost"
"MMS706","Archaeospora",17,70.7695,53,"GAAGATCCTCGATTGG",NA,"E7","MM-Salvage","2017","HH","D","1","CB2","RecipientPost"
"MMS706","Claroideoglomus",23,136.7667,53,"GAAGATCCTCGATTGG",NA,"E7","MM-Salvage","2017","HH","D","1","CB2","RecipientPost"
"MMS706","Diversispora",5,17.2991,53,"GAAGATCCTCGATTGG",NA,"E7","MM-Salvage","2017","HH","D","1","CB2","RecipientPost"
"MMS706","Glomus",101,475.1736,53,"GAAGATCCTCGATTGG",NA,"E7","MM-Salvage","2017","HH","D","1","CB2","RecipientPost"
"MMS706","Kuklospora",0,0,53,"GAAGATCCTCGATTGG",NA,"E7","MM-Salvage","2017","HH","D","1","CB2","RecipientPost"
"MMS706","Paraglomus",29,135.2039,53,"GAAGATCCTCGATTGG",NA,"E7","MM-Salvage","2017","HH","D","1","CB2","RecipientPost"
"MMS707","Acaulospora",1,2.1967,54,"GAAGATCCTTGTGGAG",NA,"F7","MM-Salvage","2017","HH","D","2","CB2","RecipientPost"
"MMS707","Ambispora",5,24.0092,54,"GAAGATCCTTGTGGAG",NA,"F7","MM-Salvage","2017","HH","D","2","CB2","RecipientPost"
"MMS707","Archaeospora",16,62.3732,54,"GAAGATCCTTGTGGAG",NA,"F7","MM-Salvage","2017","HH","D","2","CB2","RecipientPost"
"MMS707","Claroideoglomus",24,157.819,54,"GAAGATCCTTGTGGAG",NA,"F7","MM-Salvage","2017","HH","D","2","CB2","RecipientPost"
"MMS707","Diversispora",4,16.7606,54,"GAAGATCCTTGTGGAG",NA,"F7","MM-Salvage","2017","HH","D","2","CB2","RecipientPost"
"MMS707","Glomus",93,459.0866,54,"GAAGATCCTTGTGGAG",NA,"F7","MM-Salvage","2017","HH","D","2","CB2","RecipientPost"
"MMS707","Kuklospora",0,0,54,"GAAGATCCTTGTGGAG",NA,"F7","MM-Salvage","2017","HH","D","2","CB2","RecipientPost"
"MMS707","Paraglomus",27,109.1951,54,"GAAGATCCTTGTGGAG",NA,"F7","MM-Salvage","2017","HH","D","2","CB2","RecipientPost"
"MMS708","Acaulospora",1,4.4295,55,"GCAATGGTCTCTCAAG",NA,"G7","MM-Salvage","2017","HH","D","3","CB2","RecipientPost"
"MMS708","Ambispora",4,14.2523,55,"GCAATGGTCTCTCAAG",NA,"G7","MM-Salvage","2017","HH","D","3","CB2","RecipientPost"
"MMS708","Archaeospora",13,69.1467,55,"GCAATGGTCTCTCAAG",NA,"G7","MM-Salvage","2017","HH","D","3","CB2","RecipientPost"
"MMS708","Claroideoglomus",13,82.5144,55,"GCAATGGTCTCTCAAG",NA,"G7","MM-Salvage","2017","HH","D","3","CB2","RecipientPost"
"MMS708","Diversispora",3,14.437,55,"GCAATGGTCTCTCAAG",NA,"G7","MM-Salvage","2017","HH","D","3","CB2","RecipientPost"
"MMS708","Glomus",57,308.6596,55,"GCAATGGTCTCTCAAG",NA,"G7","MM-Salvage","2017","HH","D","3","CB2","RecipientPost"
"MMS708","Kuklospora",0,0,55,"GCAATGGTCTCTCAAG",NA,"G7","MM-Salvage","2017","HH","D","3","CB2","RecipientPost"
"MMS708","Paraglomus",26,144.4368,55,"GCAATGGTCTCTCAAG",NA,"G7","MM-Salvage","2017","HH","D","3","CB2","RecipientPost"
"MMS709","Acaulospora",2,5.4238,56,"GCAATGGTAAGTCGGA",NA,"H7","MM-Salvage","2017","WL","F","1","B1A2C","RecipientPost"
"MMS709","Ambispora",7,31.4909,56,"GCAATGGTAAGTCGGA",NA,"H7","MM-Salvage","2017","WL","F","1","B1A2C","RecipientPost"
"MMS709","Archaeospora",18,101.5645,56,"GCAATGGTAAGTCGGA",NA,"H7","MM-Salvage","2017","WL","F","1","B1A2C","RecipientPost"
"MMS709","Claroideoglomus",18,93.5047,56,"GCAATGGTAAGTCGGA",NA,"H7","MM-Salvage","2017","WL","F","1","B1A2C","RecipientPost"
"MMS709","Diversispora",4,19.7189,56,"GCAATGGTAAGTCGGA",NA,"H7","MM-Salvage","2017","WL","F","1","B1A2C","RecipientPost"
"MMS709","Glomus",102,504.6963,56,"GCAATGGTAAGTCGGA",NA,"H7","MM-Salvage","2017","WL","F","1","B1A2C","RecipientPost"
"MMS709","Kuklospora",1,6.2617,56,"GCAATGGTAAGTCGGA",NA,"H7","MM-Salvage","2017","WL","F","1","B1A2C","RecipientPost"
"MMS709","Paraglomus",31,139.8162,56,"GCAATGGTAAGTCGGA",NA,"H7","MM-Salvage","2017","WL","F","1","B1A2C","RecipientPost"
"MMS710","Acaulospora",4,27.4531,57,"GCAATGGTTGGTAACC",NA,"A8","MM-Salvage","2017","WL","F","2","B1A2C","RecipientPost"
"MMS710","Ambispora",7,24.5101,57,"GCAATGGTTGGTAACC",NA,"A8","MM-Salvage","2017","WL","F","2","B1A2C","RecipientPost"
"MMS710","Archaeospora",19,85.025,57,"GCAATGGTTGGTAACC",NA,"A8","MM-Salvage","2017","WL","F","2","B1A2C","RecipientPost"
"MMS710","Claroideoglomus",21,122.0659,57,"GCAATGGTTGGTAACC",NA,"A8","MM-Salvage","2017","WL","F","2","B1A2C","RecipientPost"
"MMS710","Diversispora",6,26.2398,57,"GCAATGGTTGGTAACC",NA,"A8","MM-Salvage","2017","WL","F","2","B1A2C","RecipientPost"
"MMS710","Glomus",98,441.0514,57,"GCAATGGTTGGTAACC",NA,"A8","MM-Salvage","2017","WL","F","2","B1A2C","RecipientPost"
"MMS710","Kuklospora",2,12.6129,57,"GCAATGGTTGGTAACC",NA,"A8","MM-Salvage","2017","WL","F","2","B1A2C","RecipientPost"
"MMS710","Paraglomus",28,144.3489,57,"GCAATGGTTGGTAACC",NA,"A8","MM-Salvage","2017","WL","F","2","B1A2C","RecipientPost"
"MMS711","Acaulospora",3,21.1419,58,"GCAATGGTTGGGTGAT",NA,"B8","MM-Salvage","2017","WL","F","3","B1A2C","RecipientPost"
"MMS711","Ambispora",6,22.4914,58,"GCAATGGTTGGGTGAT",NA,"B8","MM-Salvage","2017","WL","F","3","B1A2C","RecipientPost"
"MMS711","Archaeospora",16,84.7347,58,"GCAATGGTTGGGTGAT",NA,"B8","MM-Salvage","2017","WL","F","3","B1A2C","RecipientPost"
"MMS711","Claroideoglomus",22,108.0734,58,"GCAATGGTTGGGTGAT",NA,"B8","MM-Salvage","2017","WL","F","3","B1A2C","RecipientPost"
"MMS711","Diversispora",5,28.2395,58,"GCAATGGTTGGGTGAT",NA,"B8","MM-Salvage","2017","WL","F","3","B1A2C","RecipientPost"
"MMS711","Glomus",86,389.2972,58,"GCAATGGTTGGGTGAT",NA,"B8","MM-Salvage","2017","WL","F","3","B1A2C","RecipientPost"
"MMS711","Kuklospora",2,3.9764,58,"GCAATGGTTGGGTGAT",NA,"B8","MM-Salvage","2017","WL","F","3","B1A2C","RecipientPost"
"MMS711","Paraglomus",30,165.8866,58,"GCAATGGTTGGGTGAT",NA,"B8","MM-Salvage","2017","WL","F","3","B1A2C","RecipientPost"
"MMS712","Acaulospora",2,8.944,59,"GCAATGGTTACTGTGC",NA,"B9","MM-Salvage","2017","PS","F","1","ED","RecipientPost"
"MMS712","Ambispora",6,30.1474,59,"GCAATGGTTACTGTGC",NA,"B9","MM-Salvage","2017","PS","F","1","ED","RecipientPost"
"MMS712","Archaeospora",15,59.2279,59,"GCAATGGTTACTGTGC",NA,"B9","MM-Salvage","2017","PS","F","1","ED","RecipientPost"
"MMS712","Claroideoglomus",21,141.1625,59,"GCAATGGTTACTGTGC",NA,"B9","MM-Salvage","2017","PS","F","1","ED","RecipientPost"
"MMS712","Diversispora",4,20.3455,59,"GCAATGGTTACTGTGC",NA,"B9","MM-Salvage","2017","PS","F","1","ED","RecipientPost"
"MMS712","Glomus",107,596.6984,59,"GCAATGGTTACTGTGC",NA,"B9","MM-Salvage","2017","PS","F","1","ED","RecipientPost"
"MMS712","Kuklospora",2,6.7712,59,"GCAATGGTTACTGTGC",NA,"B9","MM-Salvage","2017","PS","F","1","ED","RecipientPost"
"MMS712","Paraglomus",22,89.7802,59,"GCAATGGTTACTGTGC",NA,"B9","MM-Salvage","2017","PS","F","1","ED","RecipientPost"
"MMS713","Acaulospora",2,20.1259,60,"GCAATGGTAGAGTGTG",NA,"B10","MM-Salvage","2017","PS","F","2","ED","RecipientPost"
"MMS713","Ambispora",8,31.9187,60,"GCAATGGTAGAGTGTG",NA,"B10","MM-Salvage","2017","PS","F","2","ED","RecipientPost"
"MMS713","Archaeospora",17,96.1815,60,"GCAATGGTAGAGTGTG",NA,"B10","MM-Salvage","2017","PS","F","2","ED","RecipientPost"
"MMS713","Claroideoglomus",22,126.2933,60,"GCAATGGTAGAGTGTG",NA,"B10","MM-Salvage","2017","PS","F","2","ED","RecipientPost"
"MMS713","Diversispora",3,12.9441,60,"GCAATGGTAGAGTGTG",NA,"B10","MM-Salvage","2017","PS","F","2","ED","RecipientPost"
"MMS713","Glomus",96,446.7493,60,"GCAATGGTAGAGTGTG",NA,"B10","MM-Salvage","2017","PS","F","2","ED","RecipientPost"
"MMS713","Kuklospora",1,2.0513,60,"GCAATGGTAGAGTGTG",NA,"B10","MM-Salvage","2017","PS","F","2","ED","RecipientPost"
"MMS713","Paraglomus",32,190.5327,60,"GCAATGGTAGAGTGTG",NA,"B10","MM-Salvage","2017","PS","F","2","ED","RecipientPost"
"MMS714","Acaulospora",2,5.9251,61,"GCAATGGTTCGATTGG",NA,"B11","MM-Salvage","2017","PS","F","3","ED","RecipientPost"
"MMS714","Ambispora",8,37.0288,61,"GCAATGGTTCGATTGG",NA,"B11","MM-Salvage","2017","PS","F","3","ED","RecipientPost"
"MMS714","Archaeospora",16,74.6287,61,"GCAATGGTTCGATTGG",NA,"B11","MM-Salvage","2017","PS","F","3","ED","RecipientPost"
"MMS714","Claroideoglomus",22,145.2412,61,"GCAATGGTTCGATTGG",NA,"B11","MM-Salvage","2017","PS","F","3","ED","RecipientPost"
"MMS714","Diversispora",5,23.6192,61,"GCAATGGTTCGATTGG",NA,"B11","MM-Salvage","2017","PS","F","3","ED","RecipientPost"
"MMS714","Glomus",89,444.1288,61,"GCAATGGTTCGATTGG",NA,"B11","MM-Salvage","2017","PS","F","3","ED","RecipientPost"
"MMS714","Kuklospora",0,0,61,"GCAATGGTTCGATTGG",NA,"B11","MM-Salvage","2017","PS","F","3","ED","RecipientPost"
"MMS714","Paraglomus",29,126.3792,61,"GCAATGGTTCGATTGG",NA,"B11","MM-Salvage","2017","PS","F","3","ED","RecipientPost"
"MMS715","Acaulospora",1,2.1967,62,"GCAATGGTTTGTGGAG",NA,"B12","MM-Salvage","2017","HH","F","1","CB2","RecipientPost"
"MMS715","Ambispora",7,25.0066,62,"GCAATGGTTTGTGGAG",NA,"B12","MM-Salvage","2017","HH","F","1","CB2","RecipientPost"
"MMS715","Archaeospora",14,77.3625,62,"GCAATGGTTTGTGGAG",NA,"B12","MM-Salvage","2017","HH","F","1","CB2","RecipientPost"
"MMS715","Claroideoglomus",21,124.8767,62,"GCAATGGTTTGTGGAG",NA,"B12","MM-Salvage","2017","HH","F","1","CB2","RecipientPost"
"MMS715","Diversispora",8,38.9059,62,"GCAATGGTTTGTGGAG",NA,"B12","MM-Salvage","2017","HH","F","1","CB2","RecipientPost"
"MMS715","Glomus",95,470.6841,62,"GCAATGGTTTGTGGAG",NA,"B12","MM-Salvage","2017","HH","F","1","CB2","RecipientPost"
"MMS715","Kuklospora",0,0,62,"GCAATGGTTTGTGGAG",NA,"B12","MM-Salvage","2017","HH","F","1","CB2","RecipientPost"
"MMS715","Paraglomus",26,95.6081,62,"GCAATGGTTTGTGGAG",NA,"B12","MM-Salvage","2017","HH","F","1","CB2","RecipientPost"
"MMS716","Acaulospora",3,13.4711,39,"ATGCTTGGCTCTCAAG",NA,"G5","MM-Salvage","2017","HH","F","1","CB2","RecipientPost"
"MMS716","Ambispora",9,28.7501,39,"ATGCTTGGCTCTCAAG",NA,"G5","MM-Salvage","2017","HH","F","1","CB2","RecipientPost"
"MMS716","Archaeospora",19,70.8154,39,"ATGCTTGGCTCTCAAG",NA,"G5","MM-Salvage","2017","HH","F","1","CB2","RecipientPost"
"MMS716","Claroideoglomus",21,131.0376,39,"ATGCTTGGCTCTCAAG",NA,"G5","MM-Salvage","2017","HH","F","1","CB2","RecipientPost"
"MMS716","Diversispora",5,21.3341,39,"ATGCTTGGCTCTCAAG",NA,"G5","MM-Salvage","2017","HH","F","1","CB2","RecipientPost"
"MMS716","Glomus",107,483.6542,39,"ATGCTTGGCTCTCAAG",NA,"G5","MM-Salvage","2017","HH","F","1","CB2","RecipientPost"
"MMS716","Kuklospora",2,3.2778,39,"ATGCTTGGCTCTCAAG",NA,"G5","MM-Salvage","2017","HH","F","1","CB2","RecipientPost"
"MMS716","Paraglomus",30,134.3835,39,"ATGCTTGGCTCTCAAG",NA,"G5","MM-Salvage","2017","HH","F","1","CB2","RecipientPost"
"MMS717","Acaulospora",2,4.5536,40,"ATGCTTGGAAGTCGGA",NA,"H5","MM-Salvage","2017","HH","F","2","CB3","RecipientPost"
"MMS717","Ambispora",7,29.3439,40,"ATGCTTGGAAGTCGGA",NA,"H5","MM-Salvage","2017","HH","F","2","CB3","RecipientPost"
"MMS717","Archaeospora",13,63.0961,40,"ATGCTTGGAAGTCGGA",NA,"H5","MM-Salvage","2017","HH","F","2","CB3","RecipientPost"
"MMS717","Claroideoglomus",17,96.3312,40,"ATGCTTGGAAGTCGGA",NA,"H5","MM-Salvage","2017","HH","F","2","CB3","RecipientPost"
"MMS717","Diversispora",6,28.38,40,"ATGCTTGGAAGTCGGA",NA,"H5","MM-Salvage","2017","HH","F","2","CB3","RecipientPost"
"MMS717","Glomus",81,382.219,40,"ATGCTTGGAAGTCGGA",NA,"H5","MM-Salvage","2017","HH","F","2","CB3","RecipientPost"
"MMS717","Kuklospora",0,0,40,"ATGCTTGGAAGTCGGA",NA,"H5","MM-Salvage","2017","HH","F","2","CB3","RecipientPost"
"MMS717","Paraglomus",30,130.1562,40,"ATGCTTGGAAGTCGGA",NA,"H5","MM-Salvage","2017","HH","F","2","CB3","RecipientPost"
"MMS890","Acaulospora",2,4.9541,36,"GAGATCGTAGAGTGTG",NA,"D5","MM-Salvage","2015","DS","O","3",NA,"Donor"
"MMS890","Ambispora",7,40.4234,36,"GAGATCGTAGAGTGTG",NA,"D5","MM-Salvage","2015","DS","O","3",NA,"Donor"
"MMS890","Archaeospora",13,61.9557,36,"GAGATCGTAGAGTGTG",NA,"D5","MM-Salvage","2015","DS","O","3",NA,"Donor"
"MMS890","Claroideoglomus",18,103.0365,36,"GAGATCGTAGAGTGTG",NA,"D5","MM-Salvage","2015","DS","O","3",NA,"Donor"
"MMS890","Diversispora",3,14.8365,36,"GAGATCGTAGAGTGTG",NA,"D5","MM-Salvage","2015","DS","O","3",NA,"Donor"
"MMS890","Glomus",87,423.3835,36,"GAGATCGTAGAGTGTG",NA,"D5","MM-Salvage","2015","DS","O","3",NA,"Donor"
"MMS890","Kuklospora",1,2.0686,36,"GAGATCGTAGAGTGTG",NA,"D5","MM-Salvage","2015","DS","O","3",NA,"Donor"
"MMS890","Paraglomus",25,129.775,36,"GAGATCGTAGAGTGTG",NA,"D5","MM-Salvage","2015","DS","O","3",NA,"Donor"
"MMS891","Acaulospora",2,9.838,41,"ATGCTTGGTGGTAACC",NA,"A6","MM-Salvage","2015","DS","O","4",NA,"Donor"
"MMS891","Ambispora",5,26.2715,41,"ATGCTTGGTGGTAACC",NA,"A6","MM-Salvage","2015","DS","O","4",NA,"Donor"
"MMS891","Archaeospora",15,73.8244,41,"ATGCTTGGTGGTAACC",NA,"A6","MM-Salvage","2015","DS","O","4",NA,"Donor"
"MMS891","Claroideoglomus",19,118.6937,41,"ATGCTTGGTGGTAACC",NA,"A6","MM-Salvage","2015","DS","O","4",NA,"Donor"
"MMS891","Diversispora",4,24.7476,41,"ATGCTTGGTGGTAACC",NA,"A6","MM-Salvage","2015","DS","O","4",NA,"Donor"
"MMS891","Glomus",88,463.4656,41,"ATGCTTGGTGGTAACC",NA,"A6","MM-Salvage","2015","DS","O","4",NA,"Donor"
"MMS891","Kuklospora",1,2.5495,41,"ATGCTTGGTGGTAACC",NA,"A6","MM-Salvage","2015","DS","O","4",NA,"Donor"
"MMS891","Paraglomus",29,133.5171,41,"ATGCTTGGTGGTAACC",NA,"A6","MM-Salvage","2015","DS","O","4",NA,"Donor"
"MMS900","Acaulospora",2,10.5687,7,"CAGGGTTTCTCTCAAG",NA,"G1","MM-Salvage","2017","HH","C","1","CB2","RecipientPost"
"MMS900","Ambispora",6,25.8609,7,"CAGGGTTTCTCTCAAG",NA,"G1","MM-Salvage","2017","HH","C","1","CB2","RecipientPost"
"MMS900","Archaeospora",16,75.771,7,"CAGGGTTTCTCTCAAG",NA,"G1","MM-Salvage","2017","HH","C","1","CB2","RecipientPost"
"MMS900","Claroideoglomus",24,126.9958,7,"CAGGGTTTCTCTCAAG",NA,"G1","MM-Salvage","2017","HH","C","1","CB2","RecipientPost"
"MMS900","Diversispora",8,36.4438,7,"CAGGGTTTCTCTCAAG",NA,"G1","MM-Salvage","2017","HH","C","1","CB2","RecipientPost"
"MMS900","Glomus",83,384.2245,7,"CAGGGTTTCTCTCAAG",NA,"G1","MM-Salvage","2017","HH","C","1","CB2","RecipientPost"
"MMS900","Kuklospora",0,0,7,"CAGGGTTTCTCTCAAG",NA,"G1","MM-Salvage","2017","HH","C","1","CB2","RecipientPost"
"MMS900","Paraglomus",28,165.8068,7,"CAGGGTTTCTCTCAAG",NA,"G1","MM-Salvage","2017","HH","C","1","CB2","RecipientPost"
"MMS901","Acaulospora",1,2.5553,8,"CAGGGTTTAAGTCGGA",NA,"H1","MM-Salvage","2017","HH","T","2","CB2","RecipientPost"
"MMS901","Ambispora",4,12.0243,8,"CAGGGTTTAAGTCGGA",NA,"H1","MM-Salvage","2017","HH","T","2","CB2","RecipientPost"
"MMS901","Archaeospora",15,71.1465,8,"CAGGGTTTAAGTCGGA",NA,"H1","MM-Salvage","2017","HH","T","2","CB2","RecipientPost"
"MMS901","Claroideoglomus",20,133.6258,8,"CAGGGTTTAAGTCGGA",NA,"H1","MM-Salvage","2017","HH","T","2","CB2","RecipientPost"
"MMS901","Diversispora",4,20.5635,8,"CAGGGTTTAAGTCGGA",NA,"H1","MM-Salvage","2017","HH","T","2","CB2","RecipientPost"
"MMS901","Glomus",79,397.0388,8,"CAGGGTTTAAGTCGGA",NA,"H1","MM-Salvage","2017","HH","T","2","CB2","RecipientPost"
"MMS901","Kuklospora",0,0,8,"CAGGGTTTAAGTCGGA",NA,"H1","MM-Salvage","2017","HH","T","2","CB2","RecipientPost"
"MMS901","Paraglomus",21,84.5479,8,"CAGGGTTTAAGTCGGA",NA,"H1","MM-Salvage","2017","HH","T","2","CB2","RecipientPost"
"MMS902","Acaulospora",2,4.1185,9,"CAGGGTTTTGGTAACC",NA,"A2","MM-Salvage","2017","HH","S","3","CB2","RecipientPost"
"MMS902","Ambispora",6,25.0405,9,"CAGGGTTTTGGTAACC",NA,"A2","MM-Salvage","2017","HH","S","3","CB2","RecipientPost"
"MMS902","Archaeospora",14,76.7837,9,"CAGGGTTTTGGTAACC",NA,"A2","MM-Salvage","2017","HH","S","3","CB2","RecipientPost"
"MMS902","Claroideoglomus",22,154.8571,9,"CAGGGTTTTGGTAACC",NA,"A2","MM-Salvage","2017","HH","S","3","CB2","RecipientPost"
"MMS902","Diversispora",5,27.5647,9,"CAGGGTTTTGGTAACC",NA,"A2","MM-Salvage","2017","HH","S","3","CB2","RecipientPost"
"MMS902","Glomus",99,470.4428,9,"CAGGGTTTTGGTAACC",NA,"A2","MM-Salvage","2017","HH","S","3","CB2","RecipientPost"
"MMS902","Kuklospora",0,0,9,"CAGGGTTTTGGTAACC",NA,"A2","MM-Salvage","2017","HH","S","3","CB2","RecipientPost"
"MMS902","Paraglomus",23,99.9492,9,"CAGGGTTTTGGTAACC",NA,"A2","MM-Salvage","2017","HH","S","3","CB2","RecipientPost"
"MMS903","Acaulospora",2,18.8114,10,"CAGGGTTTTGGGTGAT",NA,"B2","MM-Salvage","2017","HH","C","1","CB2","RecipientPost"
"MMS903","Ambispora",7,34.3092,10,"CAGGGTTTTGGGTGAT",NA,"B2","MM-Salvage","2017","HH","C","1","CB2","RecipientPost"
"MMS903","Archaeospora",17,71.7056,10,"CAGGGTTTTGGGTGAT",NA,"B2","MM-Salvage","2017","HH","C","1","CB2","RecipientPost"
"MMS903","Claroideoglomus",22,153.1442,10,"CAGGGTTTTGGGTGAT",NA,"B2","MM-Salvage","2017","HH","C","1","CB2","RecipientPost"
"MMS903","Diversispora",3,15.7355,10,"CAGGGTTTTGGGTGAT",NA,"B2","MM-Salvage","2017","HH","C","1","CB2","RecipientPost"
"MMS903","Glomus",105,497.7249,10,"CAGGGTTTTGGGTGAT",NA,"B2","MM-Salvage","2017","HH","C","1","CB2","RecipientPost"
"MMS903","Kuklospora",1,2.0444,10,"CAGGGTTTTGGGTGAT",NA,"B2","MM-Salvage","2017","HH","C","1","CB2","RecipientPost"
"MMS903","Paraglomus",29,149.9164,10,"CAGGGTTTTGGGTGAT",NA,"B2","MM-Salvage","2017","HH","C","1","CB2","RecipientPost"
"MMS904","Acaulospora",2,6.0223,11,"CAGGGTTTTACTGTGC",NA,"C2","MM-Salvage","2017","HH","T","2","CB2","RecipientPost"
"MMS904","Ambispora",6,30.1458,11,"CAGGGTTTTACTGTGC",NA,"C2","MM-Salvage","2017","HH","T","2","CB2","RecipientPost"
"MMS904","Archaeospora",16,77.277,11,"CAGGGTTTTACTGTGC",NA,"C2","MM-Salvage","2017","HH","T","2","CB2","RecipientPost"
"MMS904","Claroideoglomus",19,137.7654,11,"CAGGGTTTTACTGTGC",NA,"C2","MM-Salvage","2017","HH","T","2","CB2","RecipientPost"
"MMS904","Diversispora",5,26.44,11,"CAGGGTTTTACTGTGC",NA,"C2","MM-Salvage","2017","HH","T","2","CB2","RecipientPost"
"MMS904","Glomus",98,487.8504,11,"CAGGGTTTTACTGTGC",NA,"C2","MM-Salvage","2017","HH","T","2","CB2","RecipientPost"
"MMS904","Kuklospora",2,4.6438,11,"CAGGGTTTTACTGTGC",NA,"C2","MM-Salvage","2017","HH","T","2","CB2","RecipientPost"
"MMS904","Paraglomus",30,145.7984,11,"CAGGGTTTTACTGTGC",NA,"C2","MM-Salvage","2017","HH","T","2","CB2","RecipientPost"
"MMS905","Acaulospora",1,2.9491,12,"CAGGGTTTAGAGTGTG",NA,"D2","MM-Salvage","2017","HH","S","3","CB2","RecipientPost"
"MMS905","Ambispora",7,29.605,12,"CAGGGTTTAGAGTGTG",NA,"D2","MM-Salvage","2017","HH","S","3","CB2","RecipientPost"
"MMS905","Archaeospora",19,86.7362,12,"CAGGGTTTAGAGTGTG",NA,"D2","MM-Salvage","2017","HH","S","3","CB2","RecipientPost"
"MMS905","Claroideoglomus",25,143.7184,12,"CAGGGTTTAGAGTGTG",NA,"D2","MM-Salvage","2017","HH","S","3","CB2","RecipientPost"
"MMS905","Diversispora",5,20.7798,12,"CAGGGTTTAGAGTGTG",NA,"D2","MM-Salvage","2017","HH","S","3","CB2","RecipientPost"
"MMS905","Glomus",106,472.974,12,"CAGGGTTTAGAGTGTG",NA,"D2","MM-Salvage","2017","HH","S","3","CB2","RecipientPost"
"MMS905","Kuklospora",0,0,12,"CAGGGTTTAGAGTGTG",NA,"D2","MM-Salvage","2017","HH","S","3","CB2","RecipientPost"
"MMS905","Paraglomus",30,131.1305,12,"CAGGGTTTAGAGTGTG",NA,"D2","MM-Salvage","2017","HH","S","3","CB2","RecipientPost"
"MMS906","Acaulospora",2,6.1211,13,"CAGGGTTTTCGATTGG",NA,"E2","MM-Salvage","2017","HH","C","1","CB2","RecipientPost"
"MMS906","Ambispora",7,35.0052,13,"CAGGGTTTTCGATTGG",NA,"E2","MM-Salvage","2017","HH","C","1","CB2","RecipientPost"
"MMS906","Archaeospora",17,94.8361,13,"CAGGGTTTTCGATTGG",NA,"E2","MM-Salvage","2017","HH","C","1","CB2","RecipientPost"
"MMS906","Claroideoglomus",17,98.7605,13,"CAGGGTTTTCGATTGG",NA,"E2","MM-Salvage","2017","HH","C","1","CB2","RecipientPost"
"MMS906","Diversispora",3,13.7399,13,"CAGGGTTTTCGATTGG",NA,"E2","MM-Salvage","2017","HH","C","1","CB2","RecipientPost"
"MMS906","Glomus",82,404.2448,13,"CAGGGTTTTCGATTGG",NA,"E2","MM-Salvage","2017","HH","C","1","CB2","RecipientPost"
"MMS906","Kuklospora",0,0,13,"CAGGGTTTTCGATTGG",NA,"E2","MM-Salvage","2017","HH","C","1","CB2","RecipientPost"
"MMS906","Paraglomus",24,123.3449,13,"CAGGGTTTTCGATTGG",NA,"E2","MM-Salvage","2017","HH","C","1","CB2","RecipientPost"
"MMS907","Acaulospora",3,11.3552,14,"CAGGGTTTTTGTGGAG",NA,"F2","MM-Salvage","2017","HH","T","2","CB2","RecipientPost"
"MMS907","Ambispora",5,22.5696,14,"CAGGGTTTTTGTGGAG",NA,"F2","MM-Salvage","2017","HH","T","2","CB2","RecipientPost"
"MMS907","Archaeospora",17,85.2577,14,"CAGGGTTTTTGTGGAG",NA,"F2","MM-Salvage","2017","HH","T","2","CB2","RecipientPost"
"MMS907","Claroideoglomus",23,117.549,14,"CAGGGTTTTTGTGGAG",NA,"F2","MM-Salvage","2017","HH","T","2","CB2","RecipientPost"
"MMS907","Diversispora",4,17.914,14,"CAGGGTTTTTGTGGAG",NA,"F2","MM-Salvage","2017","HH","T","2","CB2","RecipientPost"
"MMS907","Glomus",90,419.8124,14,"CAGGGTTTTTGTGGAG",NA,"F2","MM-Salvage","2017","HH","T","2","CB2","RecipientPost"
"MMS907","Kuklospora",1,2.1846,14,"CAGGGTTTTTGTGGAG",NA,"F2","MM-Salvage","2017","HH","T","2","CB2","RecipientPost"
"MMS907","Paraglomus",27,122.3341,14,"CAGGGTTTTTGTGGAG",NA,"F2","MM-Salvage","2017","HH","T","2","CB2","RecipientPost"
"MMS908","Acaulospora",1,3.217,15,"TGTTGGAGCTCTCAAG",NA,"G2","MM-Salvage","2017","HH","S","3","CB2","RecipientPost"
"MMS908","Ambispora",6,32.6982,15,"TGTTGGAGCTCTCAAG",NA,"G2","MM-Salvage","2017","HH","S","3","CB2","RecipientPost"
"MMS908","Archaeospora",16,84.1553,15,"TGTTGGAGCTCTCAAG",NA,"G2","MM-Salvage","2017","HH","S","3","CB2","RecipientPost"
"MMS908","Claroideoglomus",18,105.4741,15,"TGTTGGAGCTCTCAAG",NA,"G2","MM-Salvage","2017","HH","S","3","CB2","RecipientPost"
"MMS908","Diversispora",3,16.2126,15,"TGTTGGAGCTCTCAAG",NA,"G2","MM-Salvage","2017","HH","S","3","CB2","RecipientPost"
"MMS908","Glomus",87,449.4852,15,"TGTTGGAGCTCTCAAG",NA,"G2","MM-Salvage","2017","HH","S","3","CB2","RecipientPost"
"MMS908","Kuklospora",1,2.3644,15,"TGTTGGAGCTCTCAAG",NA,"G2","MM-Salvage","2017","HH","S","3","CB2","RecipientPost"
"MMS908","Paraglomus",26,132.4196,15,"TGTTGGAGCTCTCAAG",NA,"G2","MM-Salvage","2017","HH","S","3","CB2","RecipientPost"
"MMS909","Acaulospora",4,16.2934,16,"TGTTGGAGAAGTCGGA",NA,"H2","MM-Salvage","2017","PS","C","1","ED","RecipientPost"
"MMS909","Ambispora",7,31.9185,16,"TGTTGGAGAAGTCGGA",NA,"H2","MM-Salvage","2017","PS","C","1","ED","RecipientPost"
"MMS909","Archaeospora",9,39.4379,16,"TGTTGGAGAAGTCGGA",NA,"H2","MM-Salvage","2017","PS","C","1","ED","RecipientPost"
"MMS909","Claroideoglomus",22,150.1148,16,"TGTTGGAGAAGTCGGA",NA,"H2","MM-Salvage","2017","PS","C","1","ED","RecipientPost"
"MMS909","Diversispora",4,16.0658,16,"TGTTGGAGAAGTCGGA",NA,"H2","MM-Salvage","2017","PS","C","1","ED","RecipientPost"
"MMS909","Glomus",89,467.3163,16,"TGTTGGAGAAGTCGGA",NA,"H2","MM-Salvage","2017","PS","C","1","ED","RecipientPost"
"MMS909","Kuklospora",0,0,16,"TGTTGGAGAAGTCGGA",NA,"H2","MM-Salvage","2017","PS","C","1","ED","RecipientPost"
"MMS909","Paraglomus",20,94.5038,16,"TGTTGGAGAAGTCGGA",NA,"H2","MM-Salvage","2017","PS","C","1","ED","RecipientPost"
"MMS910","Acaulospora",0,0,17,"TGTTGGAGTGGTAACC",NA,"A3","MM-Salvage","2017","PS","T","2","ED","RecipientPost"
"MMS910","Ambispora",6,19.5783,17,"TGTTGGAGTGGTAACC",NA,"A3","MM-Salvage","2017","PS","T","2","ED","RecipientPost"
"MMS910","Archaeospora",14,49.5444,17,"TGTTGGAGTGGTAACC",NA,"A3","MM-Salvage","2017","PS","T","2","ED","RecipientPost"
"MMS910","Claroideoglomus",21,163.9492,17,"TGTTGGAGTGGTAACC",NA,"A3","MM-Salvage","2017","PS","T","2","ED","RecipientPost"
"MMS910","Diversispora",4,20.1113,17,"TGTTGGAGTGGTAACC",NA,"A3","MM-Salvage","2017","PS","T","2","ED","RecipientPost"
"MMS910","Glomus",93,541.2255,17,"TGTTGGAGTGGTAACC",NA,"A3","MM-Salvage","2017","PS","T","2","ED","RecipientPost"
"MMS910","Kuklospora",0,0,17,"TGTTGGAGTGGTAACC",NA,"A3","MM-Salvage","2017","PS","T","2","ED","RecipientPost"
"MMS910","Paraglomus",18,77.1643,17,"TGTTGGAGTGGTAACC",NA,"A3","MM-Salvage","2017","PS","T","2","ED","RecipientPost"
"MMS911","Acaulospora",1,7.0553,18,"TGTTGGAGTGGGTGAT",NA,"B3","MM-Salvage","2017","PS","S","3","ED","RecipientPost"
"MMS911","Ambispora",7,27.3862,18,"TGTTGGAGTGGGTGAT",NA,"B3","MM-Salvage","2017","PS","S","3","ED","RecipientPost"
"MMS911","Archaeospora",13,52.7402,18,"TGTTGGAGTGGGTGAT",NA,"B3","MM-Salvage","2017","PS","S","3","ED","RecipientPost"
"MMS911","Claroideoglomus",22,145.7191,18,"TGTTGGAGTGGGTGAT",NA,"B3","MM-Salvage","2017","PS","S","3","ED","RecipientPost"
"MMS911","Diversispora",4,21.5031,18,"TGTTGGAGTGGGTGAT",NA,"B3","MM-Salvage","2017","PS","S","3","ED","RecipientPost"
"MMS911","Glomus",94,476.9494,18,"TGTTGGAGTGGGTGAT",NA,"B3","MM-Salvage","2017","PS","S","3","ED","RecipientPost"
"MMS911","Kuklospora",1,2.3219,18,"TGTTGGAGTGGGTGAT",NA,"B3","MM-Salvage","2017","PS","S","3","ED","RecipientPost"
"MMS911","Paraglomus",23,101.8956,18,"TGTTGGAGTGGGTGAT",NA,"B3","MM-Salvage","2017","PS","S","3","ED","RecipientPost"
"MMS912","Acaulospora",3,16.7142,19,"TGTTGGAGTACTGTGC",NA,"C3","MM-Salvage","2017","PS","C","1","ED","RecipientPost"
"MMS912","Ambispora",8,42.7,19,"TGTTGGAGTACTGTGC",NA,"C3","MM-Salvage","2017","PS","C","1","ED","RecipientPost"
"MMS912","Archaeospora",18,76.4591,19,"TGTTGGAGTACTGTGC",NA,"C3","MM-Salvage","2017","PS","C","1","ED","RecipientPost"
"MMS912","Claroideoglomus",21,116.977,19,"TGTTGGAGTACTGTGC",NA,"C3","MM-Salvage","2017","PS","C","1","ED","RecipientPost"
"MMS912","Diversispora",4,18.8699,19,"TGTTGGAGTACTGTGC",NA,"C3","MM-Salvage","2017","PS","C","1","ED","RecipientPost"
"MMS912","Glomus",95,438.948,19,"TGTTGGAGTACTGTGC",NA,"C3","MM-Salvage","2017","PS","C","1","ED","RecipientPost"
"MMS912","Kuklospora",2,9.7689,19,"TGTTGGAGTACTGTGC",NA,"C3","MM-Salvage","2017","PS","C","1","ED","RecipientPost"
"MMS912","Paraglomus",30,153.5969,19,"TGTTGGAGTACTGTGC",NA,"C3","MM-Salvage","2017","PS","C","1","ED","RecipientPost"
"MMS913","Acaulospora",2,4.708,20,"TGTTGGAGAGAGTGTG",NA,"D3","MM-Salvage","2017","PS","T","2","ED","RecipientPost"
"MMS913","Ambispora",7,40.0205,20,"TGTTGGAGAGAGTGTG",NA,"D3","MM-Salvage","2017","PS","T","2","ED","RecipientPost"
"MMS913","Archaeospora",13,57.1046,20,"TGTTGGAGAGAGTGTG",NA,"D3","MM-Salvage","2017","PS","T","2","ED","RecipientPost"
"MMS913","Claroideoglomus",21,117.4575,20,"TGTTGGAGAGAGTGTG",NA,"D3","MM-Salvage","2017","PS","T","2","ED","RecipientPost"
"MMS913","Diversispora",3,11.1508,20,"TGTTGGAGAGAGTGTG",NA,"D3","MM-Salvage","2017","PS","T","2","ED","RecipientPost"
"MMS913","Glomus",97,485.5461,20,"TGTTGGAGAGAGTGTG",NA,"D3","MM-Salvage","2017","PS","T","2","ED","RecipientPost"
"MMS913","Kuklospora",2,3.9074,20,"TGTTGGAGAGAGTGTG",NA,"D3","MM-Salvage","2017","PS","T","2","ED","RecipientPost"
"MMS913","Paraglomus",29,140.9762,20,"TGTTGGAGAGAGTGTG",NA,"D3","MM-Salvage","2017","PS","T","2","ED","RecipientPost"
"MMS914","Acaulospora",2,15.564,21,"TGTTGGAGTCGATTGG",NA,"E3","MM-Salvage","2017","PS","S","3","ED","RecipientPost"
"MMS914","Ambispora",6,25.7273,21,"TGTTGGAGTCGATTGG",NA,"E3","MM-Salvage","2017","PS","S","3","ED","RecipientPost"
"MMS914","Archaeospora",14,63.3732,21,"TGTTGGAGTCGATTGG",NA,"E3","MM-Salvage","2017","PS","S","3","ED","RecipientPost"
"MMS914","Claroideoglomus",19,105.2776,21,"TGTTGGAGTCGATTGG",NA,"E3","MM-Salvage","2017","PS","S","3","ED","RecipientPost"
"MMS914","Diversispora",4,12.8687,21,"TGTTGGAGTCGATTGG",NA,"E3","MM-Salvage","2017","PS","S","3","ED","RecipientPost"
"MMS914","Glomus",97,439.5084,21,"TGTTGGAGTCGATTGG",NA,"E3","MM-Salvage","2017","PS","S","3","ED","RecipientPost"
"MMS914","Kuklospora",1,4.0402,21,"TGTTGGAGTCGATTGG",NA,"E3","MM-Salvage","2017","PS","S","3","ED","RecipientPost"
"MMS914","Paraglomus",25,115.301,21,"TGTTGGAGTCGATTGG",NA,"E3","MM-Salvage","2017","PS","S","3","ED","RecipientPost"
"MMS915","Acaulospora",1,2.0175,22,"TGTTGGAGTTGTGGAG",NA,"F3","MM-Salvage","2017","PS","C","1","ED","RecipientPost"
"MMS915","Ambispora",4,15.3873,22,"TGTTGGAGTTGTGGAG",NA,"F3","MM-Salvage","2017","PS","C","1","ED","RecipientPost"
"MMS915","Archaeospora",17,70.2721,22,"TGTTGGAGTTGTGGAG",NA,"F3","MM-Salvage","2017","PS","C","1","ED","RecipientPost"
"MMS915","Claroideoglomus",23,145.1607,22,"TGTTGGAGTTGTGGAG",NA,"F3","MM-Salvage","2017","PS","C","1","ED","RecipientPost"
"MMS915","Diversispora",6,34.157,22,"TGTTGGAGTTGTGGAG",NA,"F3","MM-Salvage","2017","PS","C","1","ED","RecipientPost"
"MMS915","Glomus",92,431.1093,22,"TGTTGGAGTTGTGGAG",NA,"F3","MM-Salvage","2017","PS","C","1","ED","RecipientPost"
"MMS915","Kuklospora",1,11.16,22,"TGTTGGAGTTGTGGAG",NA,"F3","MM-Salvage","2017","PS","C","1","ED","RecipientPost"
"MMS915","Paraglomus",22,93.0366,22,"TGTTGGAGTTGTGGAG",NA,"F3","MM-Salvage","2017","PS","C","1","ED","RecipientPost"
"MMS916","Acaulospora",1,2.8464,23,"TCTGCCTACTCTCAAG",NA,"G3","MM-Salvage","2017","PS","T","2","ED","RecipientPost"
"MMS916","Ambispora",6,23.2341,23,"TCTGCCTACTCTCAAG",NA,"G3","MM-Salvage","2017","PS","T","2","ED","RecipientPost"
"MMS916","Archaeospora",12,55.9055,23,"TCTGCCTACTCTCAAG",NA,"G3","MM-Salvage","2017","PS","T","2","ED","RecipientPost"
"MMS916","Claroideoglomus",18,94.9563,23,"TCTGCCTACTCTCAAG",NA,"G3","MM-Salvage","2017","PS","T","2","ED","RecipientPost"
"MMS916","Diversispora",6,32.0845,23,"TCTGCCTACTCTCAAG",NA,"G3","MM-Salvage","2017","PS","T","2","ED","RecipientPost"
"MMS916","Glomus",89,408.7666,23,"TCTGCCTACTCTCAAG",NA,"G3","MM-Salvage","2017","PS","T","2","ED","RecipientPost"
"MMS916","Kuklospora",0,0,23,"TCTGCCTACTCTCAAG",NA,"G3","MM-Salvage","2017","PS","T","2","ED","RecipientPost"
"MMS916","Paraglomus",24,103.5867,23,"TCTGCCTACTCTCAAG",NA,"G3","MM-Salvage","2017","PS","T","2","ED","RecipientPost"
"MMS917","Acaulospora",2,6.0444,24,"TCTGCCTAAAGTCGGA",NA,"H3","MM-Salvage","2017","PS","S","3","ED","RecipientPost"
"MMS917","Ambispora",5,15.5482,24,"TCTGCCTAAAGTCGGA",NA,"H3","MM-Salvage","2017","PS","S","3","ED","RecipientPost"
"MMS917","Archaeospora",14,74.8118,24,"TCTGCCTAAAGTCGGA",NA,"H3","MM-Salvage","2017","PS","S","3","ED","RecipientPost"
"MMS917","Claroideoglomus",17,98.5682,24,"TCTGCCTAAAGTCGGA",NA,"H3","MM-Salvage","2017","PS","S","3","ED","RecipientPost"
"MMS917","Diversispora",4,16.4583,24,"TCTGCCTAAAGTCGGA",NA,"H3","MM-Salvage","2017","PS","S","3","ED","RecipientPost"
"MMS917","Glomus",70,381.5987,24,"TCTGCCTAAAGTCGGA",NA,"H3","MM-Salvage","2017","PS","S","3","ED","RecipientPost"
"MMS917","Kuklospora",0,0,24,"TCTGCCTAAAGTCGGA",NA,"H3","MM-Salvage","2017","PS","S","3","ED","RecipientPost"
"MMS917","Paraglomus",15,73.1709,24,"TCTGCCTAAAGTCGGA",NA,"H3","MM-Salvage","2017","PS","S","3","ED","RecipientPost"
"MMS918","Acaulospora",4,25.4469,25,"TCTGCCTATGGTAACC",NA,"A4","MM-Salvage","2017","HH","C","1","CB2","RecipientPost"
"MMS918","Ambispora",3,16.8017,25,"TCTGCCTATGGTAACC",NA,"A4","MM-Salvage","2017","HH","C","1","CB2","RecipientPost"
"MMS918","Archaeospora",15,79.686,25,"TCTGCCTATGGTAACC",NA,"A4","MM-Salvage","2017","HH","C","1","CB2","RecipientPost"
"MMS918","Claroideoglomus",24,119.0082,25,"TCTGCCTATGGTAACC",NA,"A4","MM-Salvage","2017","HH","C","1","CB2","RecipientPost"
"MMS918","Diversispora",4,33.8425,25,"TCTGCCTATGGTAACC",NA,"A4","MM-Salvage","2017","HH","C","1","CB2","RecipientPost"
"MMS918","Glomus",78,433.2239,25,"TCTGCCTATGGTAACC",NA,"A4","MM-Salvage","2017","HH","C","1","CB2","RecipientPost"
"MMS918","Kuklospora",1,12.26,25,"TCTGCCTATGGTAACC",NA,"A4","MM-Salvage","2017","HH","C","1","CB2","RecipientPost"
"MMS918","Paraglomus",19,102.8406,25,"TCTGCCTATGGTAACC",NA,"A4","MM-Salvage","2017","HH","C","1","CB2","RecipientPost"
"MMS919","Acaulospora",3,16.4704,26,"TCTGCCTATGGGTGAT",NA,"B4","MM-Salvage","2017","HH","T","2","CB2","RecipientPost"
"MMS919","Ambispora",4,19.9363,26,"TCTGCCTATGGGTGAT",NA,"B4","MM-Salvage","2017","HH","T","2","CB2","RecipientPost"
"MMS919","Archaeospora",16,75.4636,26,"TCTGCCTATGGGTGAT",NA,"B4","MM-Salvage","2017","HH","T","2","CB2","RecipientPost"
"MMS919","Claroideoglomus",23,134.3452,26,"TCTGCCTATGGGTGAT",NA,"B4","MM-Salvage","2017","HH","T","2","CB2","RecipientPost"
"MMS919","Diversispora",4,21.6073,26,"TCTGCCTATGGGTGAT",NA,"B4","MM-Salvage","2017","HH","T","2","CB2","RecipientPost"
"MMS919","Glomus",95,461.2204,26,"TCTGCCTATGGGTGAT",NA,"B4","MM-Salvage","2017","HH","T","2","CB2","RecipientPost"
"MMS919","Kuklospora",1,12.644,26,"TCTGCCTATGGGTGAT",NA,"B4","MM-Salvage","2017","HH","T","2","CB2","RecipientPost"
"MMS919","Paraglomus",27,128.6464,26,"TCTGCCTATGGGTGAT",NA,"B4","MM-Salvage","2017","HH","T","2","CB2","RecipientPost"
"MMS920","Acaulospora",1,2.2551,27,"TCTGCCTATACTGTGC",NA,"C4","MM-Salvage","2017","HH","S","3","CB2","RecipientPost"
"MMS920","Ambispora",6,26.0952,27,"TCTGCCTATACTGTGC",NA,"C4","MM-Salvage","2017","HH","S","3","CB2","RecipientPost"
"MMS920","Archaeospora",14,56.4588,27,"TCTGCCTATACTGTGC",NA,"C4","MM-Salvage","2017","HH","S","3","CB2","RecipientPost"
"MMS920","Claroideoglomus",18,97.0692,27,"TCTGCCTATACTGTGC",NA,"C4","MM-Salvage","2017","HH","S","3","CB2","RecipientPost"
"MMS920","Diversispora",4,23.3063,27,"TCTGCCTATACTGTGC",NA,"C4","MM-Salvage","2017","HH","S","3","CB2","RecipientPost"
"MMS920","Glomus",90,401.9074,27,"TCTGCCTATACTGTGC",NA,"C4","MM-Salvage","2017","HH","S","3","CB2","RecipientPost"
"MMS920","Kuklospora",2,5.3505,27,"TCTGCCTATACTGTGC",NA,"C4","MM-Salvage","2017","HH","S","3","CB2","RecipientPost"
"MMS920","Paraglomus",27,127.1993,27,"TCTGCCTATACTGTGC",NA,"C4","MM-Salvage","2017","HH","S","3","CB2","RecipientPost"
"MMS921","Acaulospora",3,10.4296,28,"TCTGCCTAAGAGTGTG",NA,"D4","MM-Salvage","2017","HH","C","1","CB2","RecipientPost"
"MMS921","Ambispora",6,24.5947,28,"TCTGCCTAAGAGTGTG",NA,"D4","MM-Salvage","2017","HH","C","1","CB2","RecipientPost"
"MMS921","Archaeospora",19,78.401,28,"TCTGCCTAAGAGTGTG",NA,"D4","MM-Salvage","2017","HH","C","1","CB2","RecipientPost"
"MMS921","Claroideoglomus",22,112.0083,28,"TCTGCCTAAGAGTGTG",NA,"D4","MM-Salvage","2017","HH","C","1","CB2","RecipientPost"
"MMS921","Diversispora",4,25.8402,28,"TCTGCCTAAGAGTGTG",NA,"D4","MM-Salvage","2017","HH","C","1","CB2","RecipientPost"
"MMS921","Glomus",107,450.2452,28,"TCTGCCTAAGAGTGTG",NA,"D4","MM-Salvage","2017","HH","C","1","CB2","RecipientPost"
"MMS921","Kuklospora",3,17.7989,28,"TCTGCCTAAGAGTGTG",NA,"D4","MM-Salvage","2017","HH","C","1","CB2","RecipientPost"
"MMS921","Paraglomus",34,163.3576,28,"TCTGCCTAAGAGTGTG",NA,"D4","MM-Salvage","2017","HH","C","1","CB2","RecipientPost"
"MMS922","Acaulospora",2,7.1186,29,"TCTGCCTATCGATTGG",NA,"E4","MM-Salvage","2017","HH","T","2","CB2","RecipientPost"
"MMS922","Ambispora",7,36.5847,29,"TCTGCCTATCGATTGG",NA,"E4","MM-Salvage","2017","HH","T","2","CB2","RecipientPost"
"MMS922","Archaeospora",20,87.5883,29,"TCTGCCTATCGATTGG",NA,"E4","MM-Salvage","2017","HH","T","2","CB2","RecipientPost"
"MMS922","Claroideoglomus",17,89.6798,29,"TCTGCCTATCGATTGG",NA,"E4","MM-Salvage","2017","HH","T","2","CB2","RecipientPost"
"MMS922","Diversispora",5,24.3087,29,"TCTGCCTATCGATTGG",NA,"E4","MM-Salvage","2017","HH","T","2","CB2","RecipientPost"
"MMS922","Glomus",98,460.5094,29,"TCTGCCTATCGATTGG",NA,"E4","MM-Salvage","2017","HH","T","2","CB2","RecipientPost"
"MMS922","Kuklospora",0,0,29,"TCTGCCTATCGATTGG",NA,"E4","MM-Salvage","2017","HH","T","2","CB2","RecipientPost"
"MMS922","Paraglomus",28,143.6098,29,"TCTGCCTATCGATTGG",NA,"E4","MM-Salvage","2017","HH","T","2","CB2","RecipientPost"
"MMS923","Acaulospora",2,6.051,30,"TCTGCCTATTGTGGAG",NA,"F4","MM-Salvage","2017","HH","S","3","CB2","RecipientPost"
"MMS923","Ambispora",6,25.0288,30,"TCTGCCTATTGTGGAG",NA,"F4","MM-Salvage","2017","HH","S","3","CB2","RecipientPost"
"MMS923","Archaeospora",19,82.2506,30,"TCTGCCTATTGTGGAG",NA,"F4","MM-Salvage","2017","HH","S","3","CB2","RecipientPost"
"MMS923","Claroideoglomus",19,113.405,30,"TCTGCCTATTGTGGAG",NA,"F4","MM-Salvage","2017","HH","S","3","CB2","RecipientPost"
"MMS923","Diversispora",7,37.0005,30,"TCTGCCTATTGTGGAG",NA,"F4","MM-Salvage","2017","HH","S","3","CB2","RecipientPost"
"MMS923","Glomus",95,441.7543,30,"TCTGCCTATTGTGGAG",NA,"F4","MM-Salvage","2017","HH","S","3","CB2","RecipientPost"
"MMS923","Kuklospora",1,2.1926,30,"TCTGCCTATTGTGGAG",NA,"F4","MM-Salvage","2017","HH","S","3","CB2","RecipientPost"
"MMS923","Paraglomus",28,134.6938,30,"TCTGCCTATTGTGGAG",NA,"F4","MM-Salvage","2017","HH","S","3","CB2","RecipientPost"
"MMS924","Acaulospora",4,30.7473,31,"GAGATCGTCTCTCAAG",NA,"G4","MM-Salvage","2017","HH","C","1","CB2","RecipientPost"
"MMS924","Ambispora",5,24.2778,31,"GAGATCGTCTCTCAAG",NA,"G4","MM-Salvage","2017","HH","C","1","CB2","RecipientPost"
"MMS924","Archaeospora",15,69.1095,31,"GAGATCGTCTCTCAAG",NA,"G4","MM-Salvage","2017","HH","C","1","CB2","RecipientPost"
"MMS924","Claroideoglomus",12,76.336,31,"GAGATCGTCTCTCAAG",NA,"G4","MM-Salvage","2017","HH","C","1","CB2","RecipientPost"
"MMS924","Diversispora",5,26.7637,31,"GAGATCGTCTCTCAAG",NA,"G4","MM-Salvage","2017","HH","C","1","CB2","RecipientPost"
"MMS924","Glomus",66,321.4488,31,"GAGATCGTCTCTCAAG",NA,"G4","MM-Salvage","2017","HH","C","1","CB2","RecipientPost"
"MMS924","Kuklospora",1,5.5951,31,"GAGATCGTCTCTCAAG",NA,"G4","MM-Salvage","2017","HH","C","1","CB2","RecipientPost"
"MMS924","Paraglomus",32,180.7676,31,"GAGATCGTCTCTCAAG",NA,"G4","MM-Salvage","2017","HH","C","1","CB2","RecipientPost"
"MMS925","Acaulospora",3,16.1244,32,"GAGATCGTAAGTCGGA",NA,"H4","MM-Salvage","2017","HH","T","2","CB2","RecipientPost"
"MMS925","Ambispora",6,28.8394,32,"GAGATCGTAAGTCGGA",NA,"H4","MM-Salvage","2017","HH","T","2","CB2","RecipientPost"
"MMS925","Archaeospora",19,95.2503,32,"GAGATCGTAAGTCGGA",NA,"H4","MM-Salvage","2017","HH","T","2","CB2","RecipientPost"
"MMS925","Claroideoglomus",19,105.5255,32,"GAGATCGTAAGTCGGA",NA,"H4","MM-Salvage","2017","HH","T","2","CB2","RecipientPost"
"MMS925","Diversispora",4,18.2313,32,"GAGATCGTAAGTCGGA",NA,"H4","MM-Salvage","2017","HH","T","2","CB2","RecipientPost"
"MMS925","Glomus",93,417.5296,32,"GAGATCGTAAGTCGGA",NA,"H4","MM-Salvage","2017","HH","T","2","CB2","RecipientPost"
"MMS925","Kuklospora",0,0,32,"GAGATCGTAAGTCGGA",NA,"H4","MM-Salvage","2017","HH","T","2","CB2","RecipientPost"
"MMS925","Paraglomus",32,157.2921,32,"GAGATCGTAAGTCGGA",NA,"H4","MM-Salvage","2017","HH","T","2","CB2","RecipientPost"
"MMS928","Acaulospora",2,5.053,42,"ATGCTTGGTGGGTGAT",NA,"B6","MM-Salvage","2015","HH","O","1",NA,"RecipientPre"
"MMS928","Ambispora",5,25.0515,42,"ATGCTTGGTGGGTGAT",NA,"B6","MM-Salvage","2015","HH","O","1",NA,"RecipientPre"
"MMS928","Archaeospora",14,84.2444,42,"ATGCTTGGTGGGTGAT",NA,"B6","MM-Salvage","2015","HH","O","1",NA,"RecipientPre"
"MMS928","Claroideoglomus",20,99.8471,42,"ATGCTTGGTGGGTGAT",NA,"B6","MM-Salvage","2015","HH","O","1",NA,"RecipientPre"
"MMS928","Diversispora",3,16.1144,42,"ATGCTTGGTGGGTGAT",NA,"B6","MM-Salvage","2015","HH","O","1",NA,"RecipientPre"
"MMS928","Glomus",83,412.1482,42,"ATGCTTGGTGGGTGAT",NA,"B6","MM-Salvage","2015","HH","O","1",NA,"RecipientPre"
"MMS928","Kuklospora",1,5.1015,42,"ATGCTTGGTGGGTGAT",NA,"B6","MM-Salvage","2015","HH","O","1",NA,"RecipientPre"
"MMS928","Paraglomus",24,123.5621,42,"ATGCTTGGTGGGTGAT",NA,"B6","MM-Salvage","2015","HH","O","1",NA,"RecipientPre"
"MMS929","Acaulospora",3,10.1983,43,"ATGCTTGGTACTGTGC",NA,"C6","MM-Salvage","2015","HH","O","2",NA,"RecipientPre"
"MMS929","Ambispora",7,39.6974,43,"ATGCTTGGTACTGTGC",NA,"C6","MM-Salvage","2015","HH","O","2",NA,"RecipientPre"
"MMS929","Archaeospora",18,80.7671,43,"ATGCTTGGTACTGTGC",NA,"C6","MM-Salvage","2015","HH","O","2",NA,"RecipientPre"
"MMS929","Claroideoglomus",18,100.3317,43,"ATGCTTGGTACTGTGC",NA,"C6","MM-Salvage","2015","HH","O","2",NA,"RecipientPre"
"MMS929","Diversispora",3,14.5723,43,"ATGCTTGGTACTGTGC",NA,"C6","MM-Salvage","2015","HH","O","2",NA,"RecipientPre"
"MMS929","Glomus",98,453.2892,43,"ATGCTTGGTACTGTGC",NA,"C6","MM-Salvage","2015","HH","O","2",NA,"RecipientPre"
"MMS929","Kuklospora",1,6.923,43,"ATGCTTGGTACTGTGC",NA,"C6","MM-Salvage","2015","HH","O","2",NA,"RecipientPre"
"MMS929","Paraglomus",25,125.8231,43,"ATGCTTGGTACTGTGC",NA,"C6","MM-Salvage","2015","HH","O","2",NA,"RecipientPre"
"MMS930","Acaulospora",1,2.4139,37,"GAGATCGTTCGATTGG",NA,"E5","MM-Salvage","2015","PS","O","2",NA,"RecipientPre"
"MMS930","Ambispora",7,39.8211,37,"GAGATCGTTCGATTGG",NA,"E5","MM-Salvage","2015","PS","O","2",NA,"RecipientPre"
"MMS930","Archaeospora",12,63.6291,37,"GAGATCGTTCGATTGG",NA,"E5","MM-Salvage","2015","PS","O","2",NA,"RecipientPre"
"MMS930","Claroideoglomus",17,102.1045,37,"GAGATCGTTCGATTGG",NA,"E5","MM-Salvage","2015","PS","O","2",NA,"RecipientPre"
"MMS930","Diversispora",2,10.716,37,"GAGATCGTTCGATTGG",NA,"E5","MM-Salvage","2015","PS","O","2",NA,"RecipientPre"
"MMS930","Glomus",83,438.1072,37,"GAGATCGTTCGATTGG",NA,"E5","MM-Salvage","2015","PS","O","2",NA,"RecipientPre"
"MMS930","Kuklospora",0,0,37,"GAGATCGTTCGATTGG",NA,"E5","MM-Salvage","2015","PS","O","2",NA,"RecipientPre"
"MMS930","Paraglomus",24,130.6225,37,"GAGATCGTTCGATTGG",NA,"E5","MM-Salvage","2015","PS","O","2",NA,"RecipientPre"
"MMS931","Acaulospora",1,2.2901,6,"ATCCCGTATTGTGGAG",NA,"F1","MM-Salvage","2015","PS","O","1",NA,"RecipientPre"
"MMS931","Ambispora",6,23.7625,6,"ATCCCGTATTGTGGAG",NA,"F1","MM-Salvage","2015","PS","O","1",NA,"RecipientPre"
"MMS931","Archaeospora",11,51.0675,6,"ATCCCGTATTGTGGAG",NA,"F1","MM-Salvage","2015","PS","O","1",NA,"RecipientPre"
"MMS931","Claroideoglomus",19,109.3929,6,"ATCCCGTATTGTGGAG",NA,"F1","MM-Salvage","2015","PS","O","1",NA,"RecipientPre"
"MMS931","Diversispora",4,18.779,6,"ATCCCGTATTGTGGAG",NA,"F1","MM-Salvage","2015","PS","O","1",NA,"RecipientPre"
"MMS931","Glomus",86,418.9679,6,"ATCCCGTATTGTGGAG",NA,"F1","MM-Salvage","2015","PS","O","1",NA,"RecipientPre"
"MMS931","Kuklospora",0,0,6,"ATCCCGTATTGTGGAG",NA,"F1","MM-Salvage","2015","PS","O","1",NA,"RecipientPre"
"MMS931","Paraglomus",24,118.8736,6,"ATCCCGTATTGTGGAG",NA,"F1","MM-Salvage","2015","PS","O","1",NA,"RecipientPre"
"MMS932","Acaulospora",1,3.3956,45,"ATGCTTGGTCGATTGG",NA,"E6","MM-Salvage","2015","PS","O","4",NA,"RecipientPre"
"MMS932","Ambispora",6,30.1007,45,"ATGCTTGGTCGATTGG",NA,"E6","MM-Salvage","2015","PS","O","4",NA,"RecipientPre"
"MMS932","Archaeospora",9,55.6596,45,"ATGCTTGGTCGATTGG",NA,"E6","MM-Salvage","2015","PS","O","4",NA,"RecipientPre"
"MMS932","Claroideoglomus",16,92.1732,45,"ATGCTTGGTCGATTGG",NA,"E6","MM-Salvage","2015","PS","O","4",NA,"RecipientPre"
"MMS932","Diversispora",3,12.6527,45,"ATGCTTGGTCGATTGG",NA,"E6","MM-Salvage","2015","PS","O","4",NA,"RecipientPre"
"MMS932","Glomus",82,402.353,45,"ATGCTTGGTCGATTGG",NA,"E6","MM-Salvage","2015","PS","O","4",NA,"RecipientPre"
"MMS932","Kuklospora",1,2.5265,45,"ATGCTTGGTCGATTGG",NA,"E6","MM-Salvage","2015","PS","O","4",NA,"RecipientPre"
"MMS932","Paraglomus",26,130.7183,45,"ATGCTTGGTCGATTGG",NA,"E6","MM-Salvage","2015","PS","O","4",NA,"RecipientPre"
"MMS938","Acaulospora",1,2.4985,34,"GAGATCGTTGGGTGAT",NA,"B5","MM-Salvage","2015","DS","O","1",NA,"Donor"
"MMS938","Ambispora",7,30.7601,34,"GAGATCGTTGGGTGAT",NA,"B5","MM-Salvage","2015","DS","O","1",NA,"Donor"
"MMS938","Archaeospora",11,44.2062,34,"GAGATCGTTGGGTGAT",NA,"B5","MM-Salvage","2015","DS","O","1",NA,"Donor"
"MMS938","Claroideoglomus",20,132.6164,34,"GAGATCGTTGGGTGAT",NA,"B5","MM-Salvage","2015","DS","O","1",NA,"Donor"
"MMS938","Diversispora",3,13.1025,34,"GAGATCGTTGGGTGAT",NA,"B5","MM-Salvage","2015","DS","O","1",NA,"Donor"
"MMS938","Glomus",78,368.4088,34,"GAGATCGTTGGGTGAT",NA,"B5","MM-Salvage","2015","DS","O","1",NA,"Donor"
"MMS938","Kuklospora",0,0,34,"GAGATCGTTGGGTGAT",NA,"B5","MM-Salvage","2015","DS","O","1",NA,"Donor"
"MMS938","Paraglomus",21,93.0527,34,"GAGATCGTTGGGTGAT",NA,"B5","MM-Salvage","2015","DS","O","1",NA,"Donor"
"MMS939","Acaulospora",1,2.8349,35,"GAGATCGTTACTGTGC",NA,"C5","MM-Salvage","2015","DS","O","2",NA,"Donor"
"MMS939","Ambispora",7,46.0256,35,"GAGATCGTTACTGTGC",NA,"C5","MM-Salvage","2015","DS","O","2",NA,"Donor"
"MMS939","Archaeospora",11,52.8056,35,"GAGATCGTTACTGTGC",NA,"C5","MM-Salvage","2015","DS","O","2",NA,"Donor"
"MMS939","Claroideoglomus",18,108.017,35,"GAGATCGTTACTGTGC",NA,"C5","MM-Salvage","2015","DS","O","2",NA,"Donor"
"MMS939","Diversispora",2,11.2619,35,"GAGATCGTTACTGTGC",NA,"C5","MM-Salvage","2015","DS","O","2",NA,"Donor"
"MMS939","Glomus",80,402.9734,35,"GAGATCGTTACTGTGC",NA,"C5","MM-Salvage","2015","DS","O","2",NA,"Donor"
"MMS939","Kuklospora",1,2.8349,35,"GAGATCGTTACTGTGC",NA,"C5","MM-Salvage","2015","DS","O","2",NA,"Donor"
"MMS939","Paraglomus",27,141.7786,35,"GAGATCGTTACTGTGC",NA,"C5","MM-Salvage","2015","DS","O","2",NA,"Donor"
"MMS942","Acaulospora",1,2.9726,38,"GAGATCGTTTGTGGAG",NA,"F5","MM-Salvage","2015","PS","O","3",NA,"RecipientPre"
"MMS942","Ambispora",5,24.409,38,"GAGATCGTTTGTGGAG",NA,"F5","MM-Salvage","2015","PS","O","3",NA,"RecipientPre"
"MMS942","Archaeospora",11,56.5203,38,"GAGATCGTTTGTGGAG",NA,"F5","MM-Salvage","2015","PS","O","3",NA,"RecipientPre"
"MMS942","Claroideoglomus",15,84.359,38,"GAGATCGTTTGTGGAG",NA,"F5","MM-Salvage","2015","PS","O","3",NA,"RecipientPre"
"MMS942","Diversispora",4,31.3227,38,"GAGATCGTTTGTGGAG",NA,"F5","MM-Salvage","2015","PS","O","3",NA,"RecipientPre"
"MMS942","Glomus",75,360.0747,38,"GAGATCGTTTGTGGAG",NA,"F5","MM-Salvage","2015","PS","O","3",NA,"RecipientPre"
"MMS942","Kuklospora",0,0,38,"GAGATCGTTTGTGGAG",NA,"F5","MM-Salvage","2015","PS","O","3",NA,"RecipientPre"
"MMS942","Paraglomus",21,124.7734,38,"GAGATCGTTTGTGGAG",NA,"F5","MM-Salvage","2015","PS","O","3",NA,"RecipientPre"
"MMS943","Acaulospora",2,4.1798,44,"ATGCTTGGAGAGTGTG",NA,"D6","MM-Salvage","2015","WL","O","6",NA,"RecipientPre"
"MMS943","Ambispora",7,29.6174,44,"ATGCTTGGAGAGTGTG",NA,"D6","MM-Salvage","2015","WL","O","6",NA,"RecipientPre"
"MMS943","Archaeospora",16,80.1857,44,"ATGCTTGGAGAGTGTG",NA,"D6","MM-Salvage","2015","WL","O","6",NA,"RecipientPre"
"MMS943","Claroideoglomus",23,114.2499,44,"ATGCTTGGAGAGTGTG",NA,"D6","MM-Salvage","2015","WL","O","6",NA,"RecipientPre"
"MMS943","Diversispora",3,12.3027,44,"ATGCTTGGAGAGTGTG",NA,"D6","MM-Salvage","2015","WL","O","6",NA,"RecipientPre"
"MMS943","Glomus",98,466.5983,44,"ATGCTTGGAGAGTGTG",NA,"D6","MM-Salvage","2015","WL","O","6",NA,"RecipientPre"
"MMS943","Kuklospora",2,21.8966,44,"ATGCTTGGAGAGTGTG",NA,"D6","MM-Salvage","2015","WL","O","6",NA,"RecipientPre"
"MMS943","Paraglomus",21,99.0223,44,"ATGCTTGGAGAGTGTG",NA,"D6","MM-Salvage","2015","WL","O","6",NA,"RecipientPre"
"MMS944","Acaulospora",0,0,46,"ATGCTTGGTTGTGGAG",NA,"F6","MM-Salvage","2015","DS","O","5",NA,"Donor"
"MMS944","Ambispora",5,28.1951,46,"ATGCTTGGTTGTGGAG",NA,"F6","MM-Salvage","2015","DS","O","5",NA,"Donor"
"MMS944","Archaeospora",10,53.4946,46,"ATGCTTGGTTGTGGAG",NA,"F6","MM-Salvage","2015","DS","O","5",NA,"Donor"
"MMS944","Claroideoglomus",16,110.3112,46,"ATGCTTGGTTGTGGAG",NA,"F6","MM-Salvage","2015","DS","O","5",NA,"Donor"
"MMS944","Diversispora",6,25.1142,46,"ATGCTTGGTTGTGGAG",NA,"F6","MM-Salvage","2015","DS","O","5",NA,"Donor"
"MMS944","Glomus",78,383.8702,46,"ATGCTTGGTTGTGGAG",NA,"F6","MM-Salvage","2015","DS","O","5",NA,"Donor"
"MMS944","Kuklospora",2,5.928,46,"ATGCTTGGTTGTGGAG",NA,"F6","MM-Salvage","2015","DS","O","5",NA,"Donor"
"MMS944","Paraglomus",23,119.0308,46,"ATGCTTGGTTGTGGAG",NA,"F6","MM-Salvage","2015","DS","O","5",NA,"Donor"
